Workbook

Sheet Sheet1_Source
A1: SHORTCUT MMT - SOURCE OF TRUTH
A2: Edit only here | rows: 344 | linked profiles auto-refresh on open
A3: Nhóm | B3: Tiếng Anh | C3: Phím tắt | D3: Tiếng Việt | E3: Key
A4: 🔹 CHUNG (General) | B4: Go To First Selected Line | C4: Ctrl+L | D4: Chuyển tới dòng đầu tiên đã chọn | E4: =CONCATENATE(B4,"§",C4,"§",D4)
A5: 🔹 CHUNG (General) | B5: Go To Next Empty Line | D5: Chuyển tới dòng trống tiếp theo | E5: =CONCATENATE(B5,"§",C5,"§",D5)
A6: 🔹 CHUNG (General) | B6: Merge Selected Lines | C6: Ctrl+Shift+M | D6: Gộp các dòng đã chọn | E6: =CONCATENATE(B6,"§",C6,"§",D6)
A7: 🔹 CHUNG (General) | B7: Merge Selected Lines And Auto Break | D7: Gộp các dòng đã chọn và tự ngắt dòng | E7: =CONCATENATE(B7,"§",C7,"§",D7)
A8: 🔹 CHUNG (General) | B8: Merge Selected Lines And Unbreak | C8: Alt+K | D8: Gộp các dòng đã chọn và không ngắt dòng | E8: =CONCATENATE(B8,"§",C8,"§",D8)
A9: 🔹 CHUNG (General) | B9: Merge Selected Lines And Unbreak CJK | D9: Gộp các dòng đã chọn và không ngắt dòng (CJK) | E9: =CONCATENATE(B9,"§",C9,"§",D9)
A10: 🔹 CHUNG (General) | B10: Merge Selected Lines Only First Text | D10: Gộp các dòng đã chọn (chỉ văn bản đầu) | E10: =CONCATENATE(B10,"§",C10,"§",D10)
A11: 🔹 CHUNG (General) | B11: Merge Selected Lines Bilingual | D11: Gộp các dòng đã chọn (song ngữ) | E11: =CONCATENATE(B11,"§",C11,"§",D11)
A12: 🔹 CHUNG (General) | B12: Merge With Previous Bilingual | D12: Gộp với dòng trước (song ngữ) | E12: =CONCATENATE(B12,"§",C12,"§",D12)
A13: 🔹 CHUNG (General) | B13: Merge With Next Bilingual | D13: Gộp với dòng sau (song ngữ) | E13: =CONCATENATE(B13,"§",C13,"§",D13)
A14: 🔹 CHUNG (General) | B14: Merge With Next | D14: Gộp với dòng sau | E14: =CONCATENATE(B14,"§",C14,"§",D14)
A15: 🔹 CHUNG (General) | B15: Merge With Previous | C15: Ctrl+Shift+PageUp | D15: Gộp với dòng trước | E15: =CONCATENATE(B15,"§",C15,"§",D15)
A16: 🔹 CHUNG (General) | B16: Merge With Previous And Unbreak | C16: Ctrl+M | D16: Gộp với dòng trước và không ngắt dòng | E16: =CONCATENATE(B16,"§",C16,"§",D16)
A17: 🔹 CHUNG (General) | B17: Merge With Next And Unbreak | D17: Gộp với dòng sau và không ngắt dòng | E17: =CONCATENATE(B17,"§",C17,"§",D17)
A18: 🔹 CHUNG (General) | B18: Merge With Previous And Break | D18: Gộp với dòng trước và ngắt dòng | E18: =CONCATENATE(B18,"§",C18,"§",D18)
A19: 🔹 CHUNG (General) | B19: Merge With Next And Break | D19: Gộp với dòng sau và ngắt dòng | E19: =CONCATENATE(B19,"§",C19,"§",D19)
A20: 🔹 CHUNG (General) | B20: Toggle Translation Mode | C20: Ctrl+Shift+O | D20: Bật/Tắt chế độ dịch | E20: =CONCATENATE(B20,"§",C20,"§",D20)
A21: 🔹 CHUNG (General) | B21: Switch Original And Translation | D21: Hoán đổi bản gốc và bản dịch | E21: =CONCATENATE(B21,"§",C21,"§",D21)
A22: 🔹 CHUNG (General) | B22: Switch Original And Translation Text Boxes | C22: Ctrl+Alt+O | D22: Hoán đổi hộp văn bản gốc và dịch | E22: =CONCATENATE(B22,"§",C22,"§",D22)
A23: 🔹 CHUNG (General) | B23: Layout Choose | C23: Alt+Shift+D0 | D23: Chọn bố cục | E23: =CONCATENATE(B23,"§",C23,"§",D23)
A24: 🔹 CHUNG (General) | B24: Layout Choose 1-12 | D24: Chọn bố cục 1-12 | E24: =CONCATENATE(B24,"§",C24,"§",D24)
A25: 🔹 CHUNG (General) | B25: Merge Original And Translation | C25: Ctrl+Alt+Shift+M | D25: Gộp bản gốc và bản dịch | E25: =CONCATENATE(B25,"§",C25,"§",D25)
A26: 🔹 CHUNG (General) | B26: Go To Next Subtitle | C26: Shift+Return | D26: Chuyển tới phụ đề tiếp theo | E26: =CONCATENATE(B26,"§",C26,"§",D26)
A27: 🔹 CHUNG (General) | B27: Go To Next Subtitle Play Translate | C27: Alt+Down | D27: Đi tới phụ đề tiếp theo, phát và dịch | E27: =CONCATENATE(B27,"§",C27,"§",D27)
A28: 🔹 CHUNG (General) | B28: Go To Next Subtitle Cursor At End | D28: Chuyển tới phụ đề tiếp theo (con trỏ ở cuối) | E28: =CONCATENATE(B28,"§",C28,"§",D28)
A29: 🔹 CHUNG (General) | B29: Go To Prev Subtitle | D29: Chuyển tới phụ đề trước | E29: =CONCATENATE(B29,"§",C29,"§",D29)
A30: 🔹 CHUNG (General) | B30: Go To Prev Subtitle Play Translate | C30: Alt+Up | D30: Đi tới phụ đề trước, phát và dịch | E30: =CONCATENATE(B30,"§",C30,"§",D30)
A31: 🔹 CHUNG (General) | B31: Go To End Of Current Subtitle | D31: Chuyển tới cuối phụ đề hiện tại | E31: =CONCATENATE(B31,"§",C31,"§",D31)
A32: 🔹 CHUNG (General) | B32: Go To Start Of Current Subtitle | D32: Chuyển tới đầu phụ đề hiện tại | E32: =CONCATENATE(B32,"§",C32,"§",D32)
A33: 🔹 CHUNG (General) | B33: Go To Previous Subtitle And Focus Video | D33: Đi tới phụ đề trước và đưa tiêu điểm vào video | E33: =CONCATENATE(B33,"§",C33,"§",D33)
A34: 🔹 CHUNG (General) | B34: Go To Next Subtitle And Focus Video | D34: Đi tới phụ đề sau và đưa tiêu điểm vào video | E34: =CONCATENATE(B34,"§",C34,"§",D34)
A35: 🔹 CHUNG (General) | B35: Go To Previous Subtitle And Focus Waveform | D35: Đi tới phụ đề trước và đưa tiêu điểm vào dạng sóng | E35: =CONCATENATE(B35,"§",C35,"§",D35)
A36: 🔹 CHUNG (General) | B36: Go To Next Subtitle And Focus Waveform | D36: Đi tới phụ đề sau và đưa tiêu điểm vào dạng sóng | E36: =CONCATENATE(B36,"§",C36,"§",D36)
A37: 🔹 CHUNG (General) | B37: Go To Prev Subtitle And Play | C37: Ctrl+Up | D37: Đi tới phụ đề trước và phát | E37: =CONCATENATE(B37,"§",C37,"§",D37)
A38: 🔹 CHUNG (General) | B38: Go To Next Subtitle And Play | C38: Ctrl+Down | D38: Đi tới phụ đề sau và phát | E38: =CONCATENATE(B38,"§",C38,"§",D38)
A39: 🔹 CHUNG (General) | B39: Auto Calc Current Duration | D39: Tự tính thời lượng hiện tại | E39: =CONCATENATE(B39,"§",C39,"§",D39)
A40: 🔹 CHUNG (General) | B40: Auto Calc Current Duration By Optimal Reading Speed | D40: Tự tính thời lượng theo tốc độ đọc tối ưu | E40: =CONCATENATE(B40,"§",C40,"§",D40)
A41: 🔹 CHUNG (General) | B41: Auto Calc Current Duration By Min Reading Speed | D41: Tự tính thời lượng theo tốc độ đọc tối thiểu | E41: =CONCATENATE(B41,"§",C41,"§",D41)
A42: 🔹 CHUNG (General) | B42: Play First Selected | D42: Phát dòng đầu tiên đã chọn | E42: =CONCATENATE(B42,"§",C42,"§",D42)
A43: 🔹 CHUNG (General) | B43: Toggle Bookmarks | C43: Ctrl+' | D43: Bật/Tắt đánh dấu | E43: =CONCATENATE(B43,"§",C43,"§",D43)
A44: 🔹 CHUNG (General) | B44: Toggle Bookmarks With Text | C44: Alt+' | D44: Bật/Tắt đánh dấu kèm văn bản | E44: =CONCATENATE(B44,"§",C44,"§",D44)
A45: 🔹 CHUNG (General) | B45: Edit Bookmarks | C45: Ctrl+Alt+Shift+' | D45: Chỉnh sửa đánh dấu | E45: =CONCATENATE(B45,"§",C45,"§",D45)
A46: 🔹 CHUNG (General) | B46: Clear Bookmarks | D46: Xóa tất cả đánh dấu | E46: =CONCATENATE(B46,"§",C46,"§",D46)
A47: 🔹 CHUNG (General) | B47: Go To Bookmark | C47: Ctrl+Alt+' | D47: Chuyển tới đánh dấu | E47: =CONCATENATE(B47,"§",C47,"§",D47)
A48: 🔹 CHUNG (General) | B48: Go To Next Bookmark | C48: Alt+Shift+' | D48: Chuyển tới đánh dấu tiếp theo | E48: =CONCATENATE(B48,"§",C48,"§",D48)
A49: 🔹 CHUNG (General) | B49: Go To Previous Bookmark | C49: Ctrl+Shift+' | D49: Chuyển tới đánh dấu trước | E49: =CONCATENATE(B49,"§",C49,"§",D49)
A50: 🔹 CHUNG (General) | B50: Choose Profile | D50: Chọn hồ sơ | E50: =CONCATENATE(B50,"§",C50,"§",D50)
A51: 🔹 CHUNG (General) | B51: Open Data Folder | C51: Ctrl+Alt+Shift+D | D51: Mở thư mục dữ liệu | E51: =CONCATENATE(B51,"§",C51,"§",D51)
A52: 🔹 CHUNG (General) | B52: Open Containing Folder | C52: Alt+Shift+O | D52: Mở thư mục chứa tệp | E52: =CONCATENATE(B52,"§",C52,"§",D52)
A53: 🔹 CHUNG (General) | B53: Duplicate Line | D53: Nhân đôi dòng | E53: =CONCATENATE(B53,"§",C53,"§",D53)
A54: 🔹 CHUNG (General) | B54: Toggle View | C54: Alt+L | D54: Chuyển đổi chế độ xem | E54: =CONCATENATE(B54,"§",C54,"§",D54)
A55: 🔹 CHUNG (General) | B55: Toggle Mode | D55: Chuyển đổi chế độ | E55: =CONCATENATE(B55,"§",C55,"§",D55)
A56: 🔹 CHUNG (General) | B56: Toggle Preview On Video | D56: Bật/tắt xem trước trên video | E56: =CONCATENATE(B56,"§",C56,"§",D56)
A57: 🔹 CHUNG (General) | B57: Help | C57: F1 | D57: Trợ giúp | E57: =CONCATENATE(B57,"§",C57,"§",D57)
A58: 🔹 CHUNG (General) | B58: Focus Text Box | D58: Đưa tiêu điểm vào ô văn bản | E58: =CONCATENATE(B58,"§",C58,"§",D58)
A59: 🔹 CHUNG (General) | B59: Cycle Audio Track | D59: Chuyển đổi rãnh âm thanh | E59: =CONCATENATE(B59,"§",C59,"§",D59)
A60: 🔹 CHUNG (General) | B60: Remove Blank Lines | D60: Xóa dòng trống | E60: =CONCATENATE(B60,"§",C60,"§",D60)
A61: 🔹 CHUNG (General) | B61: Apply ASSA Override Tags | D61: Áp dụng thẻ ASS/SSA override | E61: =CONCATENATE(B61,"§",C61,"§",D61)
A62: 🔹 CHUNG (General) | B62: Set ASSA Position | D62: Đặt vị trí ASS/SSA | E62: =CONCATENATE(B62,"§",C62,"§",D62)
A63: 🔹 CHUNG (General) | B63: Set ASSA Resolution | D63: Đặt độ phân giải ASS/SSA | E63: =CONCATENATE(B63,"§",C63,"§",D63)
A64: 🔹 CHUNG (General) | B64: Set ASSA Bg Box | D64: Đặt hộp nền ASS/SSA | E64: =CONCATENATE(B64,"§",C64,"§",D64)
A65: 🔹 CHUNG (General) | B65: Color Picker | D65: Bảng chọn màu | E65: =CONCATENATE(B65,"§",C65,"§",D65)
A66: 🔹 CHUNG (General) | B66: Take Auto Backup | D66: Tự động sao lưu | E66: =CONCATENATE(B66,"§",C66,"§",D66)
A67: 🔹 THAO TÁC TỆP (File) | B67: File New | C67: Ctrl+N | D67: Tạo tệp mới | E67: =CONCATENATE(B67,"§",C67,"§",D67)
A68: 🔹 THAO TÁC TỆP (File) | B68: File Open | C68: Ctrl+O | D68: Mở tệp | E68: =CONCATENATE(B68,"§",C68,"§",D68)
A69: 🔹 THAO TÁC TỆP (File) | B69: File Open Keep Video | D69: Mở tệp (giữ video) | E69: =CONCATENATE(B69,"§",C69,"§",D69)
A70: 🔹 THAO TÁC TỆP (File) | B70: File Save | C70: Ctrl+S | D70: Lưu tệp | E70: =CONCATENATE(B70,"§",C70,"§",D70)
A71: 🔹 THAO TÁC TỆP (File) | B71: File Save Original | D71: Lưu bản gốc | E71: =CONCATENATE(B71,"§",C71,"§",D71)
A72: 🔹 THAO TÁC TỆP (File) | B72: File Save Original As | D72: Lưu bản gốc dưới dạng... | E72: =CONCATENATE(B72,"§",C72,"§",D72)
A73: 🔹 THAO TÁC TỆP (File) | B73: File Save As | C73: Ctrl+Shift+S | D73: Lưu tệp dưới dạng... | E73: =CONCATENATE(B73,"§",C73,"§",D73)
A74: 🔹 THAO TÁC TỆP (File) | B74: File Close Original | D74: Đóng bản gốc | E74: =CONCATENATE(B74,"§",C74,"§",D74)
A75: 🔹 THAO TÁC TỆP (File) | B75: File Close Translation | D75: Đóng bản dịch | E75: =CONCATENATE(B75,"§",C75,"§",D75)
A76: 🔹 THAO TÁC TỆP (File) | B76: File Compare | D76: So sánh tệp | E76: =CONCATENATE(B76,"§",C76,"§",D76)
A77: 🔹 THAO TÁC TỆP (File) | B77: File Verify Completeness | D77: Kiểm tra tính hoàn chỉnh | E77: =CONCATENATE(B77,"§",C77,"§",D77)
A78: 🔹 THAO TÁC TỆP (File) | B78: File Open Original | D78: Mở bản gốc | E78: =CONCATENATE(B78,"§",C78,"§",D78)
A79: 🔹 THAO TÁC TỆP (File) | B79: File Save All | D79: Lưu tất cả | E79: =CONCATENATE(B79,"§",C79,"§",D79)
A80: 🔹 THAO TÁC TỆP (File) | B80: File Import Plain Text | D80: Nhập văn bản thuần | E80: =CONCATENATE(B80,"§",C80,"§",D80)
A81: 🔹 THAO TÁC TỆP (File) | B81: File Import BdSup For Edit | D81: Nhập BdSup để chỉnh sửa | E81: =CONCATENATE(B81,"§",C81,"§",D81)
A82: 🔹 THAO TÁC TỆP (File) | B82: File Import Time Codes | D82: Nhập mã thời gian | E82: =CONCATENATE(B82,"§",C82,"§",D82)
A83: 🔹 THAO TÁC TỆP (File) | B83: File Export Plain Text | D83: Xuất văn bản thuần | E83: =CONCATENATE(B83,"§",C83,"§",D83)
A84: 🔹 THAO TÁC TỆP (File) | B84: File Export Custom Text 1-3 | D84: Xuất văn bản tùy chỉnh 1-3 | E84: =CONCATENATE(B84,"§",C84,"§",D84)
A85: 🔹 THAO TÁC TỆP (File) | B85: File Export Ebu | D85: Xuất định dạng EBU | E85: =CONCATENATE(B85,"§",C85,"§",D85)
... A88: 🔹 THAO TÁC TỆP (File) | B88: File Export EDL Clip | D88: Xuất clip EDL | E88: =CONCATENATE(B88,"§",C88,"§",D88)
A89: 🔹 THAO TÁC TỆP (File) | B89: File Exit | C89: Ctrl+Q | D89: Thoát | E89: =CONCATENATE(B89,"§",C89,"§",D89)
A90: 🔹 CHỈNH SỬA (Edit) | B90: Edit Undo | C90: Ctrl+Z | D90: Hoàn tác | E90: =CONCATENATE(B90,"§",C90,"§",D90)
A91: 🔹 CHỈNH SỬA (Edit) | B91: Edit Redo | C91: Ctrl+Y | D91: Làm lại | E91: =CONCATENATE(B91,"§",C91,"§",D91)
A92: 🔹 CHỈNH SỬA (Edit) | B92: Edit Find | C92: Ctrl+F | D92: Tìm kiếm | E92: =CONCATENATE(B92,"§",C92,"§",D92)
A93: 🔹 CHỈNH SỬA (Edit) | B93: Edit Find Next | C93: F3 | D93: Tìm tiếp | E93: =CONCATENATE(B93,"§",C93,"§",D93)
A94: 🔹 CHỈNH SỬA (Edit) | B94: Edit Replace | C94: Ctrl+H | D94: Thay thế | E94: =CONCATENATE(B94,"§",C94,"§",D94)
A95: 🔹 CHỈNH SỬA (Edit) | B95: Edit Multiple Replace | C95: Alt+Shift+M | D95: Thay thế hàng loạt | E95: =CONCATENATE(B95,"§",C95,"§",D95)
A96: 🔹 CHỈNH SỬA (Edit) | B96: Edit Go To Line Number | C96: Ctrl+G | D96: Đi tới số dòng | E96: =CONCATENATE(B96,"§",C96,"§",D96)
A97: 🔹 CHỈNH SỬA (Edit) | B97: Edit Right To Left | C97: Ctrl+Shift+Alt+R | D97: Văn bản phải sang trái (RTL) | E97: =CONCATENATE(B97,"§",C97,"§",D97)
A98: 🔹 CHỈNH SỬA (Edit) | B98: Edit Toggle Translation Original In Previews | D98: Bật/tắt bản dịch/bản gốc trong xem trước | E98: =CONCATENATE(B98,"§",C98,"§",D98)
A99: 🔹 CHỈNH SỬA (Edit) | B99: Edit Inverse Selection | C99: Ctrl+Shift+I | D99: Đảo ngược vùng chọn | E99: =CONCATENATE(B99,"§",C99,"§",D99)
A100: 🔹 CHỈNH SỬA (Edit) | B100: Edit Modify Selection | D100: Sửa đổi vùng chọn | E100: =CONCATENATE(B100,"§",C100,"§",D100)
A101: 🔹 CHỈNH SỬA (Edit) | B101: Edit Fix RTL Via Unicode Chars | D101: Sửa RTL qua ký tự Unicode | E101: =CONCATENATE(B101,"§",C101,"§",D101)
A102: 🔹 CHỈNH SỬA (Edit) | B102: Edit Remove RTL Unicode Chars | D102: Xóa ký tự Unicode RTL | E102: =CONCATENATE(B102,"§",C102,"§",D102)
...

Sheet 01 - New Subtitle
A1: 01 - New Subtitle
A2: Linked to Sheet1_Source | rows: 100
A3: Nhóm | B3: Tiếng Anh | C3: Phím tắt | D3: Tiếng Việt | E3: Key
A4: ='Sheet1_Source'!A4 | B4: ='Sheet1_Source'!B4 | C4: ='Sheet1_Source'!C4 | D4: ='Sheet1_Source'!D4 | E4: 4
A5: ='Sheet1_Source'!A5 | B5: ='Sheet1_Source'!B5 | C5: ='Sheet1_Source'!C5 | D5: ='Sheet1_Source'!D5 | E5: 5
A6: ='Sheet1_Source'!A7 | B6: ='Sheet1_Source'!B7 | C6: ='Sheet1_Source'!C7 | D6: ='Sheet1_Source'!D7 | E6: 7
A7: ='Sheet1_Source'!A10 | B7: ='Sheet1_Source'!B10 | C7: ='Sheet1_Source'!C10 | D7: ='Sheet1_Source'!D10 | E7: 10
A8: ='Sheet1_Source'!A39 | B8: ='Sheet1_Source'!B39 | C8: ='Sheet1_Source'!C39 | D8: ='Sheet1_Source'!D39 | E8: 39
A9: ='Sheet1_Source'!A40 | B9: ='Sheet1_Source'!B40 | C9: ='Sheet1_Source'!C40 | D9: ='Sheet1_Source'!D40 | E9: 40
A10: ='Sheet1_Source'!A41 | B10: ='Sheet1_Source'!B41 | C10: ='Sheet1_Source'!C41 | D10: ='Sheet1_Source'!D41 | E10: 41
A11: ='Sheet1_Source'!A42 | B11: ='Sheet1_Source'!B42 | C11: ='Sheet1_Source'!C42 | D11: ='Sheet1_Source'!D42 | E11: 42
A12: ='Sheet1_Source'!A226 | B12: ='Sheet1_Source'!B226 | C12: ='Sheet1_Source'!C226 | D12: ='Sheet1_Source'!D226 | E12: 226
A13: ='Sheet1_Source'!A227 | B13: ='Sheet1_Source'!B227 | C13: ='Sheet1_Source'!C227 | D13: ='Sheet1_Source'!D227 | E13: 227
A14: ='Sheet1_Source'!A228 | B14: ='Sheet1_Source'!B228 | C14: ='Sheet1_Source'!C228 | D14: ='Sheet1_Source'!D228 | E14: 228
A15: ='Sheet1_Source'!A229 | B15: ='Sheet1_Source'!B229 | C15: ='Sheet1_Source'!C229 | D15: ='Sheet1_Source'!D229 | E15: 229
A16: ='Sheet1_Source'!A242 | B16: ='Sheet1_Source'!B242 | C16: ='Sheet1_Source'!C242 | D16: ='Sheet1_Source'!D242 | E16: 242
A17: ='Sheet1_Source'!A243 | B17: ='Sheet1_Source'!B243 | C17: ='Sheet1_Source'!C243 | D17: ='Sheet1_Source'!D243 | E17: 243
A18: ='Sheet1_Source'!A244 | B18: ='Sheet1_Source'!B244 | C18: ='Sheet1_Source'!C244 | D18: ='Sheet1_Source'!D244 | E18: 244
A19: ='Sheet1_Source'!A245 | B19: ='Sheet1_Source'!B245 | C19: ='Sheet1_Source'!C245 | D19: ='Sheet1_Source'!D245 | E19: 245
A20: ='Sheet1_Source'!A246 | B20: ='Sheet1_Source'!B246 | C20: ='Sheet1_Source'!C246 | D20: ='Sheet1_Source'!D246 | E20: 246
A21: ='Sheet1_Source'!A247 | B21: ='Sheet1_Source'!B247 | C21: ='Sheet1_Source'!C247 | D21: ='Sheet1_Source'!D247 | E21: 247
A22: ='Sheet1_Source'!A250 | B22: ='Sheet1_Source'!B250 | C22: ='Sheet1_Source'!C250 | D22: ='Sheet1_Source'!D250 | E22: 250
A23: ='Sheet1_Source'!A67 | B23: ='Sheet1_Source'!B67 | C23: ='Sheet1_Source'!C67 | D23: ='Sheet1_Source'!D67 | E23: 67
A24: ='Sheet1_Source'!A73 | B24: ='Sheet1_Source'!B73 | C24: ='Sheet1_Source'!C73 | D24: ='Sheet1_Source'!D73 | E24: 73
A25: ='Sheet1_Source'!A126 | B25: ='Sheet1_Source'!B126 | C25: ='Sheet1_Source'!C126 | D25: ='Sheet1_Source'!D126 | E25: 126
A26: ='Sheet1_Source'!A127 | B26: ='Sheet1_Source'!B127 | C26: ='Sheet1_Source'!C127 | D26: ='Sheet1_Source'!D127 | E26: 127
A27: ='Sheet1_Source'!A128 | B27: ='Sheet1_Source'!B128 | C27: ='Sheet1_Source'!C128 | D27: ='Sheet1_Source'!D128 | E27: 128
A28: ='Sheet1_Source'!A129 | B28: ='Sheet1_Source'!B129 | C28: ='Sheet1_Source'!C129 | D28: ='Sheet1_Source'!D129 | E28: 129
A29: ='Sheet1_Source'!A133 | B29: ='Sheet1_Source'!B133 | C29: ='Sheet1_Source'!C133 | D29: ='Sheet1_Source'!D133 | E29: 133
A30: ='Sheet1_Source'!A134 | B30: ='Sheet1_Source'!B134 | C30: ='Sheet1_Source'!C134 | D30: ='Sheet1_Source'!D134 | E30: 134
A31: ='Sheet1_Source'!A135 | B31: ='Sheet1_Source'!B135 | C31: ='Sheet1_Source'!C135 | D31: ='Sheet1_Source'!D135 | E31: 135
A32: ='Sheet1_Source'!A136 | B32: ='Sheet1_Source'!B136 | C32: ='Sheet1_Source'!C136 | D32: ='Sheet1_Source'!D136 | E32: 136
A33: ='Sheet1_Source'!A137 | B33: ='Sheet1_Source'!B137 | C33: ='Sheet1_Source'!C137 | D33: ='Sheet1_Source'!D137 | E33: 137
A34: ='Sheet1_Source'!A138 | B34: ='Sheet1_Source'!B138 | C34: ='Sheet1_Source'!C138 | D34: ='Sheet1_Source'!D138 | E34: 138
A35: ='Sheet1_Source'!A139 | B35: ='Sheet1_Source'!B139 | C35: ='Sheet1_Source'!C139 | D35: ='Sheet1_Source'!D139 | E35: 139
A36: ='Sheet1_Source'!A140 | B36: ='Sheet1_Source'!B140 | C36: ='Sheet1_Source'!C140 | D36: ='Sheet1_Source'!D140 | E36: 140
A37: ='Sheet1_Source'!A141 | B37: ='Sheet1_Source'!B141 | C37: ='Sheet1_Source'!C141 | D37: ='Sheet1_Source'!D141 | E37: 141
A38: ='Sheet1_Source'!A142 | B38: ='Sheet1_Source'!B142 | C38: ='Sheet1_Source'!C142 | D38: ='Sheet1_Source'!D142 | E38: 142
A39: ='Sheet1_Source'!A143 | B39: ='Sheet1_Source'!B143 | C39: ='Sheet1_Source'!C143 | D39: ='Sheet1_Source'!D143 | E39: 143
A40: ='Sheet1_Source'!A144 | B40: ='Sheet1_Source'!B144 | C40: ='Sheet1_Source'!C144 | D40: ='Sheet1_Source'!D144 | E40: 144
... A48: ='Sheet1_Source'!A152 | B48: ='Sheet1_Source'!B152 | C48: ='Sheet1_Source'!C152 | D48: ='Sheet1_Source'!D152 | E48: 152
A49: ='Sheet1_Source'!A169 | B49: ='Sheet1_Source'!B169 | C49: ='Sheet1_Source'!C169 | D49: ='Sheet1_Source'!D169 | E49: 169
A50: ='Sheet1_Source'!A170 | B50: ='Sheet1_Source'!B170 | C50: ='Sheet1_Source'!C170 | D50: ='Sheet1_Source'!D170 | E50: 170
A51: ='Sheet1_Source'!A171 | B51: ='Sheet1_Source'!B171 | C51: ='Sheet1_Source'!C171 | D51: ='Sheet1_Source'!D171 | E51: 171
A52: ='Sheet1_Source'!A172 | B52: ='Sheet1_Source'!B172 | C52: ='Sheet1_Source'!C172 | D52: ='Sheet1_Source'!D172 | E52: 172
A53: ='Sheet1_Source'!A173 | B53: ='Sheet1_Source'!B173 | C53: ='Sheet1_Source'!C173 | D53: ='Sheet1_Source'!D173 | E53: 173
A54: ='Sheet1_Source'!A174 | B54: ='Sheet1_Source'!B174 | C54: ='Sheet1_Source'!C174 | D54: ='Sheet1_Source'!D174 | E54: 174
A55: ='Sheet1_Source'!A307 | B55: ='Sheet1_Source'!B307 | C55: ='Sheet1_Source'!C307 | D55: ='Sheet1_Source'!D307 | E55: 307
A56: ='Sheet1_Source'!A308 | B56: ='Sheet1_Source'!B308 | C56: ='Sheet1_Source'!C308 | D56: ='Sheet1_Source'!D308 | E56: 308
A57: ='Sheet1_Source'!A309 | B57: ='Sheet1_Source'!B309 | C57: ='Sheet1_Source'!C309 | D57: ='Sheet1_Source'!D309 | E57: 309
A58: ='Sheet1_Source'!A310 | B58: ='Sheet1_Source'!B310 | C58: ='Sheet1_Source'!C310 | D58: ='Sheet1_Source'!D310 | E58: 310
A59: ='Sheet1_Source'!A311 | B59: ='Sheet1_Source'!B311 | C59: ='Sheet1_Source'!C311 | D59: ='Sheet1_Source'!D311 | E59: 311
A60: ='Sheet1_Source'!A312 | B60: ='Sheet1_Source'!B312 | C60: ='Sheet1_Source'!C312 | D60: ='Sheet1_Source'!D312 | E60: 312
A61: ='Sheet1_Source'!A313 | B61: ='Sheet1_Source'!B313 | C61: ='Sheet1_Source'!C313 | D61: ='Sheet1_Source'!D313 | E61: 313
A62: ='Sheet1_Source'!A314 | B62: ='Sheet1_Source'!B314 | C62: ='Sheet1_Source'!C314 | D62: ='Sheet1_Source'!D314 | E62: 314
A63: ='Sheet1_Source'!A315 | B63: ='Sheet1_Source'!B315 | C63: ='Sheet1_Source'!C315 | D63: ='Sheet1_Source'!D315 | E63: 315
A64: ='Sheet1_Source'!A318 | B64: ='Sheet1_Source'!B318 | C64: ='Sheet1_Source'!C318 | D64: ='Sheet1_Source'!D318 | E64: 318
A65: ='Sheet1_Source'!A319 | B65: ='Sheet1_Source'!B319 | C65: ='Sheet1_Source'!C319 | D65: ='Sheet1_Source'!D319 | E65: 319
A66: ='Sheet1_Source'!A320 | B66: ='Sheet1_Source'!B320 | C66: ='Sheet1_Source'!C320 | D66: ='Sheet1_Source'!D320 | E66: 320
A67: ='Sheet1_Source'!A328 | B67: ='Sheet1_Source'!B328 | C67: ='Sheet1_Source'!C328 | D67: ='Sheet1_Source'!D328 | E67: 328
A68: ='Sheet1_Source'!A329 | B68: ='Sheet1_Source'!B329 | C68: ='Sheet1_Source'!C329 | D68: ='Sheet1_Source'!D329 | E68: 329
A69: ='Sheet1_Source'!A330 | B69: ='Sheet1_Source'!B330 | C69: ='Sheet1_Source'!C330 | D69: ='Sheet1_Source'!D330 | E69: 330
A70: ='Sheet1_Source'!A331 | B70: ='Sheet1_Source'!B331 | C70: ='Sheet1_Source'!C331 | D70: ='Sheet1_Source'!D331 | E70: 331
A71: ='Sheet1_Source'!A332 | B71: ='Sheet1_Source'!B332 | C71: ='Sheet1_Source'!C332 | D71: ='Sheet1_Source'!D332 | E71: 332
A72: ='Sheet1_Source'!A333 | B72: ='Sheet1_Source'!B333 | C72: ='Sheet1_Source'!C333 | D72: ='Sheet1_Source'!D333 | E72: 333
A73: ='Sheet1_Source'!A251 | B73: ='Sheet1_Source'!B251 | C73: ='Sheet1_Source'!C251 | D73: ='Sheet1_Source'!D251 | E73: 251
A74: ='Sheet1_Source'!A252 | B74: ='Sheet1_Source'!B252 | C74: ='Sheet1_Source'!C252 | D74: ='Sheet1_Source'!D252 | E74: 252
A75: ='Sheet1_Source'!A253 | B75: ='Sheet1_Source'!B253 | C75: ='Sheet1_Source'!C253 | D75: ='Sheet1_Source'!D253 | E75: 253
A76: ='Sheet1_Source'!A254 | B76: ='Sheet1_Source'!B254 | C76: ='Sheet1_Source'!C254 | D76: ='Sheet1_Source'!D254 | E76: 254
A77: ='Sheet1_Source'!A255 | B77: ='Sheet1_Source'!B255 | C77: ='Sheet1_Source'!C255 | D77: ='Sheet1_Source'!D255 | E77: 255
A78: ='Sheet1_Source'!A256 | B78: ='Sheet1_Source'!B256 | C78: ='Sheet1_Source'!C256 | D78: ='Sheet1_Source'!D256 | E78: 256
A79: ='Sheet1_Source'!A257 | B79: ='Sheet1_Source'!B257 | C79: ='Sheet1_Source'!C257 | D79: ='Sheet1_Source'!D257 | E79: 257
A80: ='Sheet1_Source'!A258 | B80: ='Sheet1_Source'!B258 | C80: ='Sheet1_Source'!C258 | D80: ='Sheet1_Source'!D258 | E80: 258
A81: ='Sheet1_Source'!A259 | B81: ='Sheet1_Source'!B259 | C81: ='Sheet1_Source'!C259 | D81: ='Sheet1_Source'!D259 | E81: 259
A82: ='Sheet1_Source'!A260 | B82: ='Sheet1_Source'!B260 | C82: ='Sheet1_Source'!C260 | D82: ='Sheet1_Source'!D260 | E82: 260
A83: ='Sheet1_Source'!A277 | B83: ='Sheet1_Source'!B277 | C83: ='Sheet1_Source'!C277 | D83: ='Sheet1_Source'!D277 | E83: 277
A84: ='Sheet1_Source'!A278 | B84: ='Sheet1_Source'!B278 | C84: ='Sheet1_Source'!C278 | D84: ='Sheet1_Source'!D278 | E84: 278
A85: ='Sheet1_Source'!A279 | B85: ='Sheet1_Source'!B279 | C85: ='Sheet1_Source'!C279 | D85: ='Sheet1_Source'!D279 | E85: 279
A86: ='Sheet1_Source'!A280 | B86: ='Sheet1_Source'!B280 | C86: ='Sheet1_Source'!C280 | D86: ='Sheet1_Source'!D280 | E86: 280
A87: ='Sheet1_Source'!A281 | B87: ='Sheet1_Source'!B281 | C87: ='Sheet1_Source'!C281 | D87: ='Sheet1_Source'!D281 | E87: 281
A88: ='Sheet1_Source'!A282 | B88: ='Sheet1_Source'!B282 | C88: ='Sheet1_Source'!C282 | D88: ='Sheet1_Source'!D282 | E88: 282
A89: ='Sheet1_Source'!A283 | B89: ='Sheet1_Source'!B283 | C89: ='Sheet1_Source'!C283 | D89: ='Sheet1_Source'!D283 | E89: 283
A90: ='Sheet1_Source'!A284 | B90: ='Sheet1_Source'!B284 | C90: ='Sheet1_Source'!C284 | D90: ='Sheet1_Source'!D284 | E90: 284
A91: ='Sheet1_Source'!A285 | B91: ='Sheet1_Source'!B285 | C91: ='Sheet1_Source'!C285 | D91: ='Sheet1_Source'!D285 | E91: 285
A92: ='Sheet1_Source'!A286 | B92: ='Sheet1_Source'!B286 | C92: ='Sheet1_Source'!C286 | D92: ='Sheet1_Source'!D286 | E92: 286
A93: ='Sheet1_Source'!A287 | B93: ='Sheet1_Source'!B287 | C93: ='Sheet1_Source'!C287 | D93: ='Sheet1_Source'!D287 | E93: 287
A94: ='Sheet1_Source'!A288 | B94: ='Sheet1_Source'!B288 | C94: ='Sheet1_Source'!C288 | D94: ='Sheet1_Source'!D288 | E94: 288
... A97: ='Sheet1_Source'!A291 | B97: ='Sheet1_Source'!B291 | C97: ='Sheet1_Source'!C291 | D97: ='Sheet1_Source'!D291 | E97: 291
A98: ='Sheet1_Source'!A104 | B98: ='Sheet1_Source'!B104 | C98: ='Sheet1_Source'!C104 | D98: ='Sheet1_Source'!D104 | E98: 104
A99: ='Sheet1_Source'!A105 | B99: ='Sheet1_Source'!B105 | C99: ='Sheet1_Source'!C105 | D99: ='Sheet1_Source'!D105 | E99: 105
A100: ='Sheet1_Source'!A108 | B100: ='Sheet1_Source'!B108 | C100: ='Sheet1_Source'!C108 | D100: ='Sheet1_Source'!D108 | E100: 108
A101: ='Sheet1_Source'!A112 | B101: ='Sheet1_Source'!B112 | C101: ='Sheet1_Source'!C112 | D101: ='Sheet1_Source'!D112 | E101: 112
A102: ='Sheet1_Source'!A114 | B102: ='Sheet1_Source'!B114 | C102: ='Sheet1_Source'!C114 | D102: ='Sheet1_Source'!D114 | E102: 114
A103: ='Sheet1_Source'!A119 | B103: ='Sheet1_Source'!B119 | C103: ='Sheet1_Source'!C119 | D103: ='Sheet1_Source'!D119 | E103: 119

Sheet 02 - Translate Existing
A1: 02 - Translate Existing
A2: Linked to Sheet1_Source | rows: 68
A3: Nhóm | B3: Tiếng Anh | C3: Phím tắt | D3: Tiếng Việt | E3: Key
A4: ='Sheet1_Source'!A6 | B4: ='Sheet1_Source'!B6 | C4: ='Sheet1_Source'!C6 | D4: ='Sheet1_Source'!D6 | E4: 6
A5: ='Sheet1_Source'!A8 | B5: ='Sheet1_Source'!B8 | C5: ='Sheet1_Source'!C8 | D5: ='Sheet1_Source'!D8 | E5: 8
A6: ='Sheet1_Source'!A9 | B6: ='Sheet1_Source'!B9 | C6: ='Sheet1_Source'!C9 | D6: ='Sheet1_Source'!D9 | E6: 9
A7: ='Sheet1_Source'!A11 | B7: ='Sheet1_Source'!B11 | C7: ='Sheet1_Source'!C11 | D7: ='Sheet1_Source'!D11 | E7: 11
A8: ='Sheet1_Source'!A12 | B8: ='Sheet1_Source'!B12 | C8: ='Sheet1_Source'!C12 | D8: ='Sheet1_Source'!D12 | E8: 12
A9: ='Sheet1_Source'!A13 | B9: ='Sheet1_Source'!B13 | C9: ='Sheet1_Source'!C13 | D9: ='Sheet1_Source'!D13 | E9: 13
A10: ='Sheet1_Source'!A14 | B10: ='Sheet1_Source'!B14 | C10: ='Sheet1_Source'!C14 | D10: ='Sheet1_Source'!D14 | E10: 14
A11: ='Sheet1_Source'!A15 | B11: ='Sheet1_Source'!B15 | C11: ='Sheet1_Source'!C15 | D11: ='Sheet1_Source'!D15 | E11: 15
A12: ='Sheet1_Source'!A16 | B12: ='Sheet1_Source'!B16 | C12: ='Sheet1_Source'!C16 | D12: ='Sheet1_Source'!D16 | E12: 16
A13: ='Sheet1_Source'!A17 | B13: ='Sheet1_Source'!B17 | C13: ='Sheet1_Source'!C17 | D13: ='Sheet1_Source'!D17 | E13: 17
A14: ='Sheet1_Source'!A20 | B14: ='Sheet1_Source'!B20 | C14: ='Sheet1_Source'!C20 | D14: ='Sheet1_Source'!D20 | E14: 20
A15: ='Sheet1_Source'!A21 | B15: ='Sheet1_Source'!B21 | C15: ='Sheet1_Source'!C21 | D15: ='Sheet1_Source'!D21 | E15: 21
A16: ='Sheet1_Source'!A22 | B16: ='Sheet1_Source'!B22 | C16: ='Sheet1_Source'!C22 | D16: ='Sheet1_Source'!D22 | E16: 22
A17: ='Sheet1_Source'!A25 | B17: ='Sheet1_Source'!B25 | C17: ='Sheet1_Source'!C25 | D17: ='Sheet1_Source'!D25 | E17: 25
A18: ='Sheet1_Source'!A26 | B18: ='Sheet1_Source'!B26 | C18: ='Sheet1_Source'!C26 | D18: ='Sheet1_Source'!D26 | E18: 26
A19: ='Sheet1_Source'!A27 | B19: ='Sheet1_Source'!B27 | C19: ='Sheet1_Source'!C27 | D19: ='Sheet1_Source'!D27 | E19: 27
A20: ='Sheet1_Source'!A28 | B20: ='Sheet1_Source'!B28 | C20: ='Sheet1_Source'!C28 | D20: ='Sheet1_Source'!D28 | E20: 28
A21: ='Sheet1_Source'!A29 | B21: ='Sheet1_Source'!B29 | C21: ='Sheet1_Source'!C29 | D21: ='Sheet1_Source'!D29 | E21: 29
A22: ='Sheet1_Source'!A30 | B22: ='Sheet1_Source'!B30 | C22: ='Sheet1_Source'!C30 | D22: ='Sheet1_Source'!D30 | E22: 30
A23: ='Sheet1_Source'!A31 | B23: ='Sheet1_Source'!B31 | C23: ='Sheet1_Source'!C31 | D23: ='Sheet1_Source'!D31 | E23: 31
A24: ='Sheet1_Source'!A32 | B24: ='Sheet1_Source'!B32 | C24: ='Sheet1_Source'!C32 | D24: ='Sheet1_Source'!D32 | E24: 32
A25: ='Sheet1_Source'!A33 | B25: ='Sheet1_Source'!B33 | C25: ='Sheet1_Source'!C33 | D25: ='Sheet1_Source'!D33 | E25: 33
A26: ='Sheet1_Source'!A34 | B26: ='Sheet1_Source'!B34 | C26: ='Sheet1_Source'!C34 | D26: ='Sheet1_Source'!D34 | E26: 34
A27: ='Sheet1_Source'!A37 | B27: ='Sheet1_Source'!B37 | C27: ='Sheet1_Source'!C37 | D27: ='Sheet1_Source'!D37 | E27: 37
A28: ='Sheet1_Source'!A38 | B28: ='Sheet1_Source'!B38 | C28: ='Sheet1_Source'!C38 | D28: ='Sheet1_Source'!D38 | E28: 38
A29: ='Sheet1_Source'!A335 | B29: ='Sheet1_Source'!B335 | C29: ='Sheet1_Source'!C335 | D29: ='Sheet1_Source'!D335 | E29: 335
A30: ='Sheet1_Source'!A336 | B30: ='Sheet1_Source'!B336 | C30: ='Sheet1_Source'!C336 | D30: ='Sheet1_Source'!D336 | E30: 336
A31: ='Sheet1_Source'!A337 | B31: ='Sheet1_Source'!B337 | C31: ='Sheet1_Source'!C337 | D31: ='Sheet1_Source'!D337 | E31: 337
A32: ='Sheet1_Source'!A338 | B32: ='Sheet1_Source'!B338 | C32: ='Sheet1_Source'!C338 | D32: ='Sheet1_Source'!D338 | E32: 338
A33: ='Sheet1_Source'!A339 | B33: ='Sheet1_Source'!B339 | C33: ='Sheet1_Source'!C339 | D33: ='Sheet1_Source'!D339 | E33: 339
A34: ='Sheet1_Source'!A130 | B34: ='Sheet1_Source'!B130 | C34: ='Sheet1_Source'!C130 | D34: ='Sheet1_Source'!D130 | E34: 130
A35: ='Sheet1_Source'!A131 | B35: ='Sheet1_Source'!B131 | C35: ='Sheet1_Source'!C131 | D35: ='Sheet1_Source'!D131 | E35: 131
A36: ='Sheet1_Source'!A132 | B36: ='Sheet1_Source'!B132 | C36: ='Sheet1_Source'!C132 | D36: ='Sheet1_Source'!D132 | E36: 132
A37: ='Sheet1_Source'!A153 | B37: ='Sheet1_Source'!B153 | C37: ='Sheet1_Source'!C153 | D37: ='Sheet1_Source'!D153 | E37: 153
A38: ='Sheet1_Source'!A154 | B38: ='Sheet1_Source'!B154 | C38: ='Sheet1_Source'!C154 | D38: ='Sheet1_Source'!D154 | E38: 154
A39: ='Sheet1_Source'!A155 | B39: ='Sheet1_Source'!B155 | C39: ='Sheet1_Source'!C155 | D39: ='Sheet1_Source'!D155 | E39: 155
A40: ='Sheet1_Source'!A156 | B40: ='Sheet1_Source'!B156 | C40: ='Sheet1_Source'!C156 | D40: ='Sheet1_Source'!D156 | E40: 156
A41: ='Sheet1_Source'!A157 | B41: ='Sheet1_Source'!B157 | C41: ='Sheet1_Source'!C157 | D41: ='Sheet1_Source'!D157 | E41: 157
A42: ='Sheet1_Source'!A158 | B42: ='Sheet1_Source'!B158 | C42: ='Sheet1_Source'!C158 | D42: ='Sheet1_Source'!D158 | E42: 158
A43: ='Sheet1_Source'!A159 | B43: ='Sheet1_Source'!B159 | C43: ='Sheet1_Source'!C159 | D43: ='Sheet1_Source'!D159 | E43: 159
A44: ='Sheet1_Source'!A160 | B44: ='Sheet1_Source'!B160 | C44: ='Sheet1_Source'!C160 | D44: ='Sheet1_Source'!D160 | E44: 160
A45: ='Sheet1_Source'!A161 | B45: ='Sheet1_Source'!B161 | C45: ='Sheet1_Source'!C161 | D45: ='Sheet1_Source'!D161 | E45: 161
A46: ='Sheet1_Source'!A162 | B46: ='Sheet1_Source'!B162 | C46: ='Sheet1_Source'!C162 | D46: ='Sheet1_Source'!D162 | E46: 162
A47: ='Sheet1_Source'!A163 | B47: ='Sheet1_Source'!B163 | C47: ='Sheet1_Source'!C163 | D47: ='Sheet1_Source'!D163 | E47: 163
A48: ='Sheet1_Source'!A164 | B48: ='Sheet1_Source'!B164 | C48: ='Sheet1_Source'!C164 | D48: ='Sheet1_Source'!D164 | E48: 164
A49: ='Sheet1_Source'!A230 | B49: ='Sheet1_Source'!B230 | C49: ='Sheet1_Source'!C230 | D49: ='Sheet1_Source'!D230 | E49: 230
A50: ='Sheet1_Source'!A231 | B50: ='Sheet1_Source'!B231 | C50: ='Sheet1_Source'!C231 | D50: ='Sheet1_Source'!D231 | E50: 231
A51: ='Sheet1_Source'!A232 | B51: ='Sheet1_Source'!B232 | C51: ='Sheet1_Source'!C232 | D51: ='Sheet1_Source'!D232 | E51: 232
A52: ='Sheet1_Source'!A233 | B52: ='Sheet1_Source'!B233 | C52: ='Sheet1_Source'!C233 | D52: ='Sheet1_Source'!D233 | E52: 233
A53: ='Sheet1_Source'!A234 | B53: ='Sheet1_Source'!B234 | C53: ='Sheet1_Source'!C234 | D53: ='Sheet1_Source'!D234 | E53: 234
A54: ='Sheet1_Source'!A235 | B54: ='Sheet1_Source'!B235 | C54: ='Sheet1_Source'!C235 | D54: ='Sheet1_Source'!D235 | E54: 235
A55: ='Sheet1_Source'!A236 | B55: ='Sheet1_Source'!B236 | C55: ='Sheet1_Source'!C236 | D55: ='Sheet1_Source'!D236 | E55: 236
A56: ='Sheet1_Source'!A200 | B56: ='Sheet1_Source'!B200 | C56: ='Sheet1_Source'!C200 | D56: ='Sheet1_Source'!D200 | E56: 200
A57: ='Sheet1_Source'!A201 | B57: ='Sheet1_Source'!B201 | C57: ='Sheet1_Source'!C201 | D57: ='Sheet1_Source'!D201 | E57: 201
A58: ='Sheet1_Source'!A202 | B58: ='Sheet1_Source'!B202 | C58: ='Sheet1_Source'!C202 | D58: ='Sheet1_Source'!D202 | E58: 202
A59: ='Sheet1_Source'!A343 | B59: ='Sheet1_Source'!B343 | C59: ='Sheet1_Source'!C343 | D59: ='Sheet1_Source'!D343 | E59: 343
A60: ='Sheet1_Source'!A344 | B60: ='Sheet1_Source'!B344 | C60: ='Sheet1_Source'!C344 | D60: ='Sheet1_Source'!D344 | E60: 344
A61: ='Sheet1_Source'!A345 | B61: ='Sheet1_Source'!B345 | C61: ='Sheet1_Source'!C345 | D61: ='Sheet1_Source'!D345 | E61: 345
A62: ='Sheet1_Source'!A68 | B62: ='Sheet1_Source'!B68 | C62: ='Sheet1_Source'!C68 | D62: ='Sheet1_Source'!D68 | E62: 68
A63: ='Sheet1_Source'!A69 | B63: ='Sheet1_Source'!B69 | C63: ='Sheet1_Source'!C69 | D63: ='Sheet1_Source'!D69 | E63: 69
A64: ='Sheet1_Source'!A70 | B64: ='Sheet1_Source'!B70 | C64: ='Sheet1_Source'!C70 | D64: ='Sheet1_Source'!D70 | E64: 70
A65: ='Sheet1_Source'!A71 | B65: ='Sheet1_Source'!B71 | C65: ='Sheet1_Source'!C71 | D65: ='Sheet1_Source'!D71 | E65: 71
A66: ='Sheet1_Source'!A72 | B66: ='Sheet1_Source'!B72 | C66: ='Sheet1_Source'!C72 | D66: ='Sheet1_Source'!D72 | E66: 72
A67: ='Sheet1_Source'!A74 | B67: ='Sheet1_Source'!B74 | C67: ='Sheet1_Source'!C74 | D67: ='Sheet1_Source'!D74 | E67: 74
A68: ='Sheet1_Source'!A75 | B68: ='Sheet1_Source'!B75 | C68: ='Sheet1_Source'!C75 | D68: ='Sheet1_Source'!D75 | E68: 75
A69: ='Sheet1_Source'!A78 | B69: ='Sheet1_Source'!B78 | C69: ='Sheet1_Source'!C78 | D69: ='Sheet1_Source'!D78 | E69: 78
A70: ='Sheet1_Source'!A79 | B70: ='Sheet1_Source'!B79 | C70: ='Sheet1_Source'!C79 | D70: ='Sheet1_Source'!D79 | E70: 79
A71: ='Sheet1_Source'!A89 | B71: ='Sheet1_Source'!B89 | C71: ='Sheet1_Source'!C89 | D71: ='Sheet1_Source'!D89 | E71: 89

Sheet 03 - Edit Translated
A1: 03 - Edit Translated
A2: Linked to Sheet1_Source | rows: 142
A3: Nhóm | B3: Tiếng Anh | C3: Phím tắt | D3: Tiếng Việt | E3: Key
A4: ='Sheet1_Source'!A80 | B4: ='Sheet1_Source'!B80 | C4: ='Sheet1_Source'!C80 | D4: ='Sheet1_Source'!D80 | E4: 80
A5: ='Sheet1_Source'!A81 | B5: ='Sheet1_Source'!B81 | C5: ='Sheet1_Source'!C81 | D5: ='Sheet1_Source'!D81 | E5: 81
A6: ='Sheet1_Source'!A82 | B6: ='Sheet1_Source'!B82 | C6: ='Sheet1_Source'!C82 | D6: ='Sheet1_Source'!D82 | E6: 82
A7: ='Sheet1_Source'!A316 | B7: ='Sheet1_Source'!B316 | C7: ='Sheet1_Source'!C316 | D7: ='Sheet1_Source'!D316 | E7: 316
A8: ='Sheet1_Source'!A317 | B8: ='Sheet1_Source'!B317 | C8: ='Sheet1_Source'!C317 | D8: ='Sheet1_Source'!D317 | E8: 317
A9: ='Sheet1_Source'!A321 | B9: ='Sheet1_Source'!B321 | C9: ='Sheet1_Source'!C321 | D9: ='Sheet1_Source'!D321 | E9: 321
A10: ='Sheet1_Source'!A322 | B10: ='Sheet1_Source'!B322 | C10: ='Sheet1_Source'!C322 | D10: ='Sheet1_Source'!D322 | E10: 322
A11: ='Sheet1_Source'!A323 | B11: ='Sheet1_Source'!B323 | C11: ='Sheet1_Source'!C323 | D11: ='Sheet1_Source'!D323 | E11: 323
A12: ='Sheet1_Source'!A324 | B12: ='Sheet1_Source'!B324 | C12: ='Sheet1_Source'!C324 | D12: ='Sheet1_Source'!D324 | E12: 324
A13: ='Sheet1_Source'!A325 | B13: ='Sheet1_Source'!B325 | C13: ='Sheet1_Source'!C325 | D13: ='Sheet1_Source'!D325 | E13: 325
A14: ='Sheet1_Source'!A326 | B14: ='Sheet1_Source'!B326 | C14: ='Sheet1_Source'!C326 | D14: ='Sheet1_Source'!D326 | E14: 326
A15: ='Sheet1_Source'!A327 | B15: ='Sheet1_Source'!B327 | C15: ='Sheet1_Source'!C327 | D15: ='Sheet1_Source'!D327 | E15: 327
A16: ='Sheet1_Source'!A334 | B16: ='Sheet1_Source'!B334 | C16: ='Sheet1_Source'!C334 | D16: ='Sheet1_Source'!D334 | E16: 334
A17: ='Sheet1_Source'!A90 | B17: ='Sheet1_Source'!B90 | C17: ='Sheet1_Source'!C90 | D17: ='Sheet1_Source'!D90 | E17: 90
A18: ='Sheet1_Source'!A91 | B18: ='Sheet1_Source'!B91 | C18: ='Sheet1_Source'!C91 | D18: ='Sheet1_Source'!D91 | E18: 91
A19: ='Sheet1_Source'!A92 | B19: ='Sheet1_Source'!B92 | C19: ='Sheet1_Source'!C92 | D19: ='Sheet1_Source'!D92 | E19: 92
A20: ='Sheet1_Source'!A93 | B20: ='Sheet1_Source'!B93 | C20: ='Sheet1_Source'!C93 | D20: ='Sheet1_Source'!D93 | E20: 93
A21: ='Sheet1_Source'!A94 | B21: ='Sheet1_Source'!B94 | C21: ='Sheet1_Source'!C94 | D21: ='Sheet1_Source'!D94 | E21: 94
A22: ='Sheet1_Source'!A95 | B22: ='Sheet1_Source'!B95 | C22: ='Sheet1_Source'!C95 | D22: ='Sheet1_Source'!D95 | E22: 95
A23: ='Sheet1_Source'!A96 | B23: ='Sheet1_Source'!B96 | C23: ='Sheet1_Source'!C96 | D23: ='Sheet1_Source'!D96 | E23: 96
A24: ='Sheet1_Source'!A97 | B24: ='Sheet1_Source'!B97 | C24: ='Sheet1_Source'!C97 | D24: ='Sheet1_Source'!D97 | E24: 97
A25: ='Sheet1_Source'!A98 | B25: ='Sheet1_Source'!B98 | C25: ='Sheet1_Source'!C98 | D25: ='Sheet1_Source'!D98 | E25: 98
A26: ='Sheet1_Source'!A99 | B26: ='Sheet1_Source'!B99 | C26: ='Sheet1_Source'!C99 | D26: ='Sheet1_Source'!D99 | E26: 99
A27: ='Sheet1_Source'!A100 | B27: ='Sheet1_Source'!B100 | C27: ='Sheet1_Source'!C100 | D27: ='Sheet1_Source'!D100 | E27: 100
A28: ='Sheet1_Source'!A101 | B28: ='Sheet1_Source'!B101 | C28: ='Sheet1_Source'!C101 | D28: ='Sheet1_Source'!D101 | E28: 101
... A30: ='Sheet1_Source'!A103 | B30: ='Sheet1_Source'!B103 | C30: ='Sheet1_Source'!C103 | D30: ='Sheet1_Source'!D103 | E30: 103
A31: ='Sheet1_Source'!A109 | B31: ='Sheet1_Source'!B109 | C31: ='Sheet1_Source'!C109 | D31: ='Sheet1_Source'!D109 | E31: 109
A32: ='Sheet1_Source'!A110 | B32: ='Sheet1_Source'!B110 | C32: ='Sheet1_Source'!C110 | D32: ='Sheet1_Source'!D110 | E32: 110
A33: ='Sheet1_Source'!A111 | B33: ='Sheet1_Source'!B111 | C33: ='Sheet1_Source'!C111 | D33: ='Sheet1_Source'!D111 | E33: 111
A34: ='Sheet1_Source'!A113 | B34: ='Sheet1_Source'!B113 | C34: ='Sheet1_Source'!C113 | D34: ='Sheet1_Source'!D113 | E34: 113
A35: ='Sheet1_Source'!A115 | B35: ='Sheet1_Source'!B115 | C35: ='Sheet1_Source'!C115 | D35: ='Sheet1_Source'!D115 | E35: 115
A36: ='Sheet1_Source'!A116 | B36: ='Sheet1_Source'!B116 | C36: ='Sheet1_Source'!C116 | D36: ='Sheet1_Source'!D116 | E36: 116
A37: ='Sheet1_Source'!A117 | B37: ='Sheet1_Source'!B117 | C37: ='Sheet1_Source'!C117 | D37: ='Sheet1_Source'!D117 | E37: 117
A38: ='Sheet1_Source'!A118 | B38: ='Sheet1_Source'!B118 | C38: ='Sheet1_Source'!C118 | D38: ='Sheet1_Source'!D118 | E38: 118
A39: ='Sheet1_Source'!A120 | B39: ='Sheet1_Source'!B120 | C39: ='Sheet1_Source'!C120 | D39: ='Sheet1_Source'!D120 | E39: 120
A40: ='Sheet1_Source'!A121 | B40: ='Sheet1_Source'!B121 | C40: ='Sheet1_Source'!C121 | D40: ='Sheet1_Source'!D121 | E40: 121
A41: ='Sheet1_Source'!A122 | B41: ='Sheet1_Source'!B122 | C41: ='Sheet1_Source'!C122 | D41: ='Sheet1_Source'!D122 | E41: 122
A42: ='Sheet1_Source'!A123 | B42: ='Sheet1_Source'!B123 | C42: ='Sheet1_Source'!C123 | D42: ='Sheet1_Source'!D123 | E42: 123
A43: ='Sheet1_Source'!A124 | B43: ='Sheet1_Source'!B124 | C43: ='Sheet1_Source'!C124 | D43: ='Sheet1_Source'!D124 | E43: 124
A44: ='Sheet1_Source'!A125 | B44: ='Sheet1_Source'!B125 | C44: ='Sheet1_Source'!C125 | D44: ='Sheet1_Source'!D125 | E44: 125
A45: ='Sheet1_Source'!A178 | B45: ='Sheet1_Source'!B178 | C45: ='Sheet1_Source'!C178 | D45: ='Sheet1_Source'!D178 | E45: 178
A46: ='Sheet1_Source'!A179 | B46: ='Sheet1_Source'!B179 | C46: ='Sheet1_Source'!C179 | D46: ='Sheet1_Source'!D179 | E46: 179
A47: ='Sheet1_Source'!A180 | B47: ='Sheet1_Source'!B180 | C47: ='Sheet1_Source'!C180 | D47: ='Sheet1_Source'!D180 | E47: 180
A48: ='Sheet1_Source'!A181 | B48: ='Sheet1_Source'!B181 | C48: ='Sheet1_Source'!C181 | D48: ='Sheet1_Source'!D181 | E48: 181
A49: ='Sheet1_Source'!A182 | B49: ='Sheet1_Source'!B182 | C49: ='Sheet1_Source'!C182 | D49: ='Sheet1_Source'!D182 | E49: 182
A50: ='Sheet1_Source'!A183 | B50: ='Sheet1_Source'!B183 | C50: ='Sheet1_Source'!C183 | D50: ='Sheet1_Source'!D183 | E50: 183
A51: ='Sheet1_Source'!A184 | B51: ='Sheet1_Source'!B184 | C51: ='Sheet1_Source'!C184 | D51: ='Sheet1_Source'!D184 | E51: 184
A52: ='Sheet1_Source'!A185 | B52: ='Sheet1_Source'!B185 | C52: ='Sheet1_Source'!C185 | D52: ='Sheet1_Source'!D185 | E52: 185
A53: ='Sheet1_Source'!A186 | B53: ='Sheet1_Source'!B186 | C53: ='Sheet1_Source'!C186 | D53: ='Sheet1_Source'!D186 | E53: 186
A54: ='Sheet1_Source'!A187 | B54: ='Sheet1_Source'!B187 | C54: ='Sheet1_Source'!C187 | D54: ='Sheet1_Source'!D187 | E54: 187
A55: ='Sheet1_Source'!A188 | B55: ='Sheet1_Source'!B188 | C55: ='Sheet1_Source'!C188 | D55: ='Sheet1_Source'!D188 | E55: 188
A56: ='Sheet1_Source'!A189 | B56: ='Sheet1_Source'!B189 | C56: ='Sheet1_Source'!C189 | D56: ='Sheet1_Source'!D189 | E56: 189
... A65: ='Sheet1_Source'!A198 | B65: ='Sheet1_Source'!B198 | C65: ='Sheet1_Source'!C198 | D65: ='Sheet1_Source'!D198 | E65: 198
A66: ='Sheet1_Source'!A203 | B66: ='Sheet1_Source'!B203 | C66: ='Sheet1_Source'!C203 | D66: ='Sheet1_Source'!D203 | E66: 203
A67: ='Sheet1_Source'!A204 | B67: ='Sheet1_Source'!B204 | C67: ='Sheet1_Source'!C204 | D67: ='Sheet1_Source'!D204 | E67: 204
A68: ='Sheet1_Source'!A205 | B68: ='Sheet1_Source'!B205 | C68: ='Sheet1_Source'!C205 | D68: ='Sheet1_Source'!D205 | E68: 205
A69: ='Sheet1_Source'!A206 | B69: ='Sheet1_Source'!B206 | C69: ='Sheet1_Source'!C206 | D69: ='Sheet1_Source'!D206 | E69: 206
A70: ='Sheet1_Source'!A207 | B70: ='Sheet1_Source'!B207 | C70: ='Sheet1_Source'!C207 | D70: ='Sheet1_Source'!D207 | E70: 207
A71: ='Sheet1_Source'!A208 | B71: ='Sheet1_Source'!B208 | C71: ='Sheet1_Source'!C208 | D71: ='Sheet1_Source'!D208 | E71: 208
A72: ='Sheet1_Source'!A209 | B72: ='Sheet1_Source'!B209 | C72: ='Sheet1_Source'!C209 | D72: ='Sheet1_Source'!D209 | E72: 209
A73: ='Sheet1_Source'!A237 | B73: ='Sheet1_Source'!B237 | C73: ='Sheet1_Source'!C237 | D73: ='Sheet1_Source'!D237 | E73: 237
A74: ='Sheet1_Source'!A238 | B74: ='Sheet1_Source'!B238 | C74: ='Sheet1_Source'!C238 | D74: ='Sheet1_Source'!D238 | E74: 238
A75: ='Sheet1_Source'!A239 | B75: ='Sheet1_Source'!B239 | C75: ='Sheet1_Source'!C239 | D75: ='Sheet1_Source'!D239 | E75: 239
A76: ='Sheet1_Source'!A240 | B76: ='Sheet1_Source'!B240 | C76: ='Sheet1_Source'!C240 | D76: ='Sheet1_Source'!D240 | E76: 240
A77: ='Sheet1_Source'!A241 | B77: ='Sheet1_Source'!B241 | C77: ='Sheet1_Source'!C241 | D77: ='Sheet1_Source'!D241 | E77: 241
A78: ='Sheet1_Source'!A248 | B78: ='Sheet1_Source'!B248 | C78: ='Sheet1_Source'!C248 | D78: ='Sheet1_Source'!D248 | E78: 248
A79: ='Sheet1_Source'!A249 | B79: ='Sheet1_Source'!B249 | C79: ='Sheet1_Source'!C249 | D79: ='Sheet1_Source'!D249 | E79: 249
A80: ='Sheet1_Source'!A18 | B80: ='Sheet1_Source'!B18 | C80: ='Sheet1_Source'!C18 | D80: ='Sheet1_Source'!D18 | E80: 18
A81: ='Sheet1_Source'!A19 | B81: ='Sheet1_Source'!B19 | C81: ='Sheet1_Source'!C19 | D81: ='Sheet1_Source'!D19 | E81: 19
A82: ='Sheet1_Source'!A23 | B82: ='Sheet1_Source'!B23 | C82: ='Sheet1_Source'!C23 | D82: ='Sheet1_Source'!D23 | E82: 23
A83: ='Sheet1_Source'!A24 | B83: ='Sheet1_Source'!B24 | C83: ='Sheet1_Source'!C24 | D83: ='Sheet1_Source'!D24 | E83: 24
A84: ='Sheet1_Source'!A35 | B84: ='Sheet1_Source'!B35 | C84: ='Sheet1_Source'!C35 | D84: ='Sheet1_Source'!D35 | E84: 35
A85: ='Sheet1_Source'!A36 | B85: ='Sheet1_Source'!B36 | C85: ='Sheet1_Source'!C36 | D85: ='Sheet1_Source'!D36 | E85: 36
A86: ='Sheet1_Source'!A43 | B86: ='Sheet1_Source'!B43 | C86: ='Sheet1_Source'!C43 | D86: ='Sheet1_Source'!D43 | E86: 43
A87: ='Sheet1_Source'!A44 | B87: ='Sheet1_Source'!B44 | C87: ='Sheet1_Source'!C44 | D87: ='Sheet1_Source'!D44 | E87: 44
A88: ='Sheet1_Source'!A45 | B88: ='Sheet1_Source'!B45 | C88: ='Sheet1_Source'!C45 | D88: ='Sheet1_Source'!D45 | E88: 45
A89: ='Sheet1_Source'!A46 | B89: ='Sheet1_Source'!B46 | C89: ='Sheet1_Source'!C46 | D89: ='Sheet1_Source'!D46 | E89: 46
A90: ='Sheet1_Source'!A47 | B90: ='Sheet1_Source'!B47 | C90: ='Sheet1_Source'!C47 | D90: ='Sheet1_Source'!D47 | E90: 47
A91: ='Sheet1_Source'!A48 | B91: ='Sheet1_Source'!B48 | C91: ='Sheet1_Source'!C48 | D91: ='Sheet1_Source'!D48 | E91: 48
A92: ='Sheet1_Source'!A49 | B92: ='Sheet1_Source'!B49 | C92: ='Sheet1_Source'!C49 | D92: ='Sheet1_Source'!D49 | E92: 49
A93: ='Sheet1_Source'!A50 | B93: ='Sheet1_Source'!B50 | C93: ='Sheet1_Source'!C50 | D93: ='Sheet1_Source'!D50 | E93: 50
A94: ='Sheet1_Source'!A51 | B94: ='Sheet1_Source'!B51 | C94: ='Sheet1_Source'!C51 | D94: ='Sheet1_Source'!D51 | E94: 51
A95: ='Sheet1_Source'!A52 | B95: ='Sheet1_Source'!B52 | C95: ='Sheet1_Source'!C52 | D95: ='Sheet1_Source'!D52 | E95: 52
A96: ='Sheet1_Source'!A53 | B96: ='Sheet1_Source'!B53 | C96: ='Sheet1_Source'!C53 | D96: ='Sheet1_Source'!D53 | E96: 53
A97: ='Sheet1_Source'!A54 | B97: ='Sheet1_Source'!B54 | C97: ='Sheet1_Source'!C54 | D97: ='Sheet1_Source'!D54 | E97: 54
... A109: ='Sheet1_Source'!A66 | B109: ='Sheet1_Source'!B66 | C109: ='Sheet1_Source'!C66 | D109: ='Sheet1_Source'!D66 | E109: 66
A110: ='Sheet1_Source'!A261 | B110: ='Sheet1_Source'!B261 | C110: ='Sheet1_Source'!C261 | D110: ='Sheet1_Source'!D261 | E110: 261
A111: ='Sheet1_Source'!A262 | B111: ='Sheet1_Source'!B262 | C111: ='Sheet1_Source'!C262 | D111: ='Sheet1_Source'!D262 | E111: 262
A112: ='Sheet1_Source'!A263 | B112: ='Sheet1_Source'!B263 | C112: ='Sheet1_Source'!C263 | D112: ='Sheet1_Source'!D263 | E112: 263
A113: ='Sheet1_Source'!A264 | B113: ='Sheet1_Source'!B264 | C113: ='Sheet1_Source'!C264 | D113: ='Sheet1_Source'!D264 | E113: 264
A114: ='Sheet1_Source'!A265 | B114: ='Sheet1_Source'!B265 | C114: ='Sheet1_Source'!C265 | D114: ='Sheet1_Source'!D265 | E114: 265
A115: ='Sheet1_Source'!A266 | B115: ='Sheet1_Source'!B266 | C115: ='Sheet1_Source'!C266 | D115: ='Sheet1_Source'!D266 | E115: 266
A116: ='Sheet1_Source'!A267 | B116: ='Sheet1_Source'!B267 | C116: ='Sheet1_Source'!C267 | D116: ='Sheet1_Source'!D267 | E116: 267
A117: ='Sheet1_Source'!A268 | B117: ='Sheet1_Source'!B268 | C117: ='Sheet1_Source'!C268 | D117: ='Sheet1_Source'!D268 | E117: 268
A118: ='Sheet1_Source'!A269 | B118: ='Sheet1_Source'!B269 | C118: ='Sheet1_Source'!C269 | D118: ='Sheet1_Source'!D269 | E118: 269
A119: ='Sheet1_Source'!A270 | B119: ='Sheet1_Source'!B270 | C119: ='Sheet1_Source'!C270 | D119: ='Sheet1_Source'!D270 | E119: 270
A120: ='Sheet1_Source'!A271 | B120: ='Sheet1_Source'!B271 | C120: ='Sheet1_Source'!C271 | D120: ='Sheet1_Source'!D271 | E120: 271
...

Sheet 04 - Quick Checker
A1: 04 - Quick Checker
A2: Linked to Sheet1_Source | rows: 34
A3: Nhóm | B3: Tiếng Anh | C3: Phím tắt | D3: Tiếng Việt | E3: Key
A4: ='Sheet1_Source'!A106 | B4: ='Sheet1_Source'!B106 | C4: ='Sheet1_Source'!C106 | D4: ='Sheet1_Source'!D106 | E4: 106
A5: ='Sheet1_Source'!A107 | B5: ='Sheet1_Source'!B107 | C5: ='Sheet1_Source'!C107 | D5: ='Sheet1_Source'!D107 | E5: 107
A6: ='Sheet1_Source'!A175 | B6: ='Sheet1_Source'!B175 | C6: ='Sheet1_Source'!C175 | D6: ='Sheet1_Source'!D175 | E6: 175
A7: ='Sheet1_Source'!A176 | B7: ='Sheet1_Source'!B176 | C7: ='Sheet1_Source'!C176 | D7: ='Sheet1_Source'!D176 | E7: 176
A8: ='Sheet1_Source'!A177 | B8: ='Sheet1_Source'!B177 | C8: ='Sheet1_Source'!C177 | D8: ='Sheet1_Source'!D177 | E8: 177
A9: ='Sheet1_Source'!A76 | B9: ='Sheet1_Source'!B76 | C9: ='Sheet1_Source'!C76 | D9: ='Sheet1_Source'!D76 | E9: 76
A10: ='Sheet1_Source'!A77 | B10: ='Sheet1_Source'!B77 | C10: ='Sheet1_Source'!C77 | D10: ='Sheet1_Source'!D77 | E10: 77
A11: ='Sheet1_Source'!A83 | B11: ='Sheet1_Source'!B83 | C11: ='Sheet1_Source'!C83 | D11: ='Sheet1_Source'!D83 | E11: 83
A12: ='Sheet1_Source'!A84 | B12: ='Sheet1_Source'!B84 | C12: ='Sheet1_Source'!C84 | D12: ='Sheet1_Source'!D84 | E12: 84
A13: ='Sheet1_Source'!A85 | B13: ='Sheet1_Source'!B85 | C13: ='Sheet1_Source'!C85 | D13: ='Sheet1_Source'!D85 | E13: 85
A14: ='Sheet1_Source'!A86 | B14: ='Sheet1_Source'!B86 | C14: ='Sheet1_Source'!C86 | D14: ='Sheet1_Source'!D86 | E14: 86
A15: ='Sheet1_Source'!A87 | B15: ='Sheet1_Source'!B87 | C15: ='Sheet1_Source'!C87 | D15: ='Sheet1_Source'!D87 | E15: 87
A16: ='Sheet1_Source'!A88 | B16: ='Sheet1_Source'!B88 | C16: ='Sheet1_Source'!C88 | D16: ='Sheet1_Source'!D88 | E16: 88
A17: ='Sheet1_Source'!A199 | B17: ='Sheet1_Source'!B199 | C17: ='Sheet1_Source'!C199 | D17: ='Sheet1_Source'!D199 | E17: 199
A18: ='Sheet1_Source'!A210 | B18: ='Sheet1_Source'!B210 | C18: ='Sheet1_Source'!C210 | D18: ='Sheet1_Source'!D210 | E18: 210
A19: ='Sheet1_Source'!A211 | B19: ='Sheet1_Source'!B211 | C19: ='Sheet1_Source'!C211 | D19: ='Sheet1_Source'!D211 | E19: 211
A20: ='Sheet1_Source'!A212 | B20: ='Sheet1_Source'!B212 | C20: ='Sheet1_Source'!C212 | D20: ='Sheet1_Source'!D212 | E20: 212
A21: ='Sheet1_Source'!A213 | B21: ='Sheet1_Source'!B213 | C21: ='Sheet1_Source'!C213 | D21: ='Sheet1_Source'!D213 | E21: 213
A22: ='Sheet1_Source'!A214 | B22: ='Sheet1_Source'!B214 | C22: ='Sheet1_Source'!C214 | D22: ='Sheet1_Source'!D214 | E22: 214
A23: ='Sheet1_Source'!A215 | B23: ='Sheet1_Source'!B215 | C23: ='Sheet1_Source'!C215 | D23: ='Sheet1_Source'!D215 | E23: 215
A24: ='Sheet1_Source'!A216 | B24: ='Sheet1_Source'!B216 | C24: ='Sheet1_Source'!C216 | D24: ='Sheet1_Source'!D216 | E24: 216
A25: ='Sheet1_Source'!A217 | B25: ='Sheet1_Source'!B217 | C25: ='Sheet1_Source'!C217 | D25: ='Sheet1_Source'!D217 | E25: 217
A26: ='Sheet1_Source'!A218 | B26: ='Sheet1_Source'!B218 | C26: ='Sheet1_Source'!C218 | D26: ='Sheet1_Source'!D218 | E26: 218
A27: ='Sheet1_Source'!A219 | B27: ='Sheet1_Source'!B219 | C27: ='Sheet1_Source'!C219 | D27: ='Sheet1_Source'!D219 | E27: 219
A28: ='Sheet1_Source'!A220 | B28: ='Sheet1_Source'!B220 | C28: ='Sheet1_Source'!C220 | D28: ='Sheet1_Source'!D220 | E28: 220
A29: ='Sheet1_Source'!A221 | B29: ='Sheet1_Source'!B221 | C29: ='Sheet1_Source'!C221 | D29: ='Sheet1_Source'!D221 | E29: 221
... A33: ='Sheet1_Source'!A225 | B33: ='Sheet1_Source'!B225 | C33: ='Sheet1_Source'!C225 | D33: ='Sheet1_Source'!D225 | E33: 225
A34: ='Sheet1_Source'!A165 | B34: ='Sheet1_Source'!B165 | C34: ='Sheet1_Source'!C165 | D34: ='Sheet1_Source'!D165 | E34: 165
A35: ='Sheet1_Source'!A166 | B35: ='Sheet1_Source'!B166 | C35: ='Sheet1_Source'!C166 | D35: ='Sheet1_Source'!D166 | E35: 166
A36: ='Sheet1_Source'!A167 | B36: ='Sheet1_Source'!B167 | C36: ='Sheet1_Source'!C167 | D36: ='Sheet1_Source'!D167 | E36: 167
A37: ='Sheet1_Source'!A168 | B37: ='Sheet1_Source'!B168 | C37: ='Sheet1_Source'!C168 | D37: ='Sheet1_Source'!D168 | E37: 168
